{
"std_dev_x" : [67.21944647331973, 42.197079385406546, 7.025496196815709, 4.746423179228328, 4.982889212074305, 9.279820604569812, 6.98528126779852, 6.584352405915062, 4.088054843192274, 4.079089486930949, 3.252263412528739, 3.168420362972527, 4.2425431198111205, 4.2480889316354995]
} 
{
"std_dev_y" : [27.107531295569025, 14.634708836440955, 12.424204379136699, 2.701048976465356, 2.6447758861606006, 4.181640107381311, 3.8930716420415137, 4.478488388780103, 6.529622306804011, 4.817767133219063, 3.847238792577237, 4.06750646417676, 3.1720591080490066, 3.1754443270103705]
} 
{
"std_dev_angle" : [0.846493323931306, 0.7118606662422688, 5.588482365137851, 0.10690082462596497, 0.10645077584502725, 0.10566963227117303, 0.11680235255396534, 0.12706157235775864, 4.525174228047199, 0.10471549489439151, 4.3843714197987165, 4.236814717646049, 0.10775248361123944, 0.10785615312373895]
} 
