{
"std_dev_x" : [68.97151812905575, 67.37709900790334, 108.92152819961953, 100.28361192908774, 95.15139256122114, 96.56231456227731, 65.70632951773321, 65.00761901629555, 49.00799250853673, 45.94449653281663, 41.99652773455933, 36.59424672337898, 39.20570559594227, 38.751743827922475]
} 
{
"std_dev_y" : [51.10732444793465, 46.349973443694104, 47.3176150874448, 99.87615717966221, 107.38629588973974, 71.83565720101049, 51.93057185202549, 111.64138018607811, 126.25158162134612, 139.785086006177, 141.5975460281127, 142.32601885413965, 136.20063981508343, 135.14700976947583]
} 
{
"std_dev_angle" : [1.7468857905903872, 2.4470988507068276, 3.534859048921027, 2.411658953345942, 2.443678816688207, 2.495323823559124, 3.277732387215522, 0.9471221621408156, 1.855816489806052, 4.027442777290482, 5.496803031916631, 5.470638077176052, 1.1598081548821417, 1.032466091765868]
} 
