{
"std_dev_x" : [59.50911987821375, 34.108659317631286, 34.27004751539254]
} 
{
"std_dev_y" : [34.658815148109404, 73.76591911012544, 74.21359427145502]
} 
{
"std_dev_angle" : [1.5458656712093966, 3.857049484257521, 0.12105658163268432]
} 
